iter	Logloss
0	0.5006293151
1	0.4698755919
