iter	Logloss
0	0.5205159225
1	0.4704863847
