iter	Logloss
0	0.4928014199
1	0.4617329006
