iter	Logloss
0	0.5063062716
1	0.464052803
